url,file,title,description,status
https://lauraluxuryjourneys.com/?lang=en,dist\en\index.html,"Laura Luxury Journeys | Morocco Tours, Day Trips & Experiences","Follow the coast, spend a night in the Sahara or step away from the city for the day. Find a journey that speaks to you, and we’ll help you make it your own.",
https://lauraluxuryjourneys.com/?lang=fr,dist\fr\index.html,"Laura Luxury Journeys | Voyages au Maroc, excursions et expériences","Longez la côte, passez une nuit au Sahara ou quittez la ville le temps d’une journée. Choisissez un voyage qui vous attire, et nous l’adapterons à vos envies.",
https://lauraluxuryjourneys.com/?lang=es,dist\es\index.html,"Laura Luxury Journeys | Viajes a Marruecos, excursiones y experiencias","Recorre la costa, pasa una noche en el Sáhara o sal de la ciudad por un día. Encuentra un viaje que te atraiga y te ayudaremos a hacerlo tuyo.",
https://lauraluxuryjourneys.com/?lang=de,dist\de\index.html,"Laura Luxury Journeys | Marokko-Reisen, Tagesausflüge und Erlebnisse","Folgen Sie der Küste, verbringen Sie eine Nacht in der Sahara oder lassen Sie die Stadt für einen Tag hinter sich. Finden Sie eine Reise, die Sie anspricht. Wir passen sie Ihren Wünschen an.",
https://lauraluxuryjourneys.com/?lang=it,dist\it\index.html,"Laura Luxury Journeys | Viaggi in Marocco, escursioni ed esperienze","Segui la costa, trascorri una notte nel Sahara o lascia la città per un giorno. Scegli il viaggio che ti ispira e ti aiuteremo a renderlo tuo.",
https://lauraluxuryjourneys.com/?lang=pt,dist\pt\index.html,"Laura Luxury Journeys | Viagens em Marrocos, excursões e experiências","Percorra a costa, passe uma noite no Saara ou saia da cidade por um dia. Encontre uma viagem que o inspire e ajudaremos a adaptá-la aos seus desejos.",
https://lauraluxuryjourneys.com/?lang=nl,dist\nl\index.html,"Laura Luxury Journeys | Marokko-reizen, dagtochten en ervaringen","Volg de kust, breng een nacht door in de Sahara of verlaat de stad voor een dag. Kies een reis die u aanspreekt. Wij helpen u die op uw wensen af te stemmen.",
https://lauraluxuryjourneys.com/en/journeys/sahara-marrakech-3-days/,dist\en\journeys\sahara-marrakech-3-days\index.html,3-Day Private Sahara Tour from Marrakech | Laura Luxury Journeys,"Mountain passes, earthen kasbahs and an evening beside the dunes of Erg Chebbi. Three days from Marrakech for those who have always wanted to see the Sahara.",
https://lauraluxuryjourneys.com/en/journeys/imperial-cities-sahara-9-days/,dist\en\journeys\imperial-cities-sahara-9-days\index.html,9-Day Morocco Tour: Imperial Cities & Sahara | Laura Luxury Journeys,"From the courtyards of Fes to the dunes of Erg Chebbi, discover Morocco’s cities and southern landscapes on a nine-day journey from Casablanca to Marrakech.",
https://lauraluxuryjourneys.com/en/journeys/slow-sahara-5-days/,dist\en\journeys\slow-sahara-5-days\index.html,5-Day Private Sahara Tour from Marrakech | Laura Luxury Journeys,"Two nights near Merzouga and a whole day with the dunes. Take five days from Marrakech to enjoy the Sahara, the southern valleys and the places in between.",
https://lauraluxuryjourneys.com/en/journeys/marrakech-fes-sahara-4-days/,dist\en\journeys\marrakech-fes-sahara-4-days\index.html,4-Day Marrakech to Fes Tour via the Sahara | Laura Luxury Journeys,"Let the journey between two great medinas take you through kasbahs, gorges and the Sahara. Four days, with two nights near Merzouga and a full day around the dunes.",
https://lauraluxuryjourneys.com/en/journeys/southern-morocco-7-days/,dist\en\journeys\southern-morocco-7-days\index.html,7-Day Southern Morocco & Sahara Tour | Laura Luxury Journeys,"Stay among kasbahs, palm groves and valley landscapes before reaching the Sahara. A week from Marrakech with two nights near the dunes and time for the road south.",
https://lauraluxuryjourneys.com/en/journeys/coast-desert-8-days/,dist\en\journeys\coast-desert-8-days\index.html,8-Day Sahara & Essaouira Tour from Marrakech | Laura Luxury Journeys,"An evening by the dunes, a road through southern Morocco and two nights beside the Atlantic. Eight days of desert and coast, beginning and ending in Marrakech.",
https://lauraluxuryjourneys.com/en/journeys/north-sahara-10-days/,dist\en\journeys\north-sahara-10-days\index.html,10-Day Tangier to Marrakech Tour via the Sahara | Laura Luxury Journeys,"From Tangier and Chefchaouen to Fes, the Sahara and Marrakech. Ten days following Morocco south, with time in the medinas and a full day near the dunes.",
https://lauraluxuryjourneys.com/en/journeys/grand-morocco-14-days/,dist\en\journeys\grand-morocco-14-days\index.html,"14-Day Morocco Tour: Cities, Sahara & Essaouira | Laura Luxury Journeys","Blue streets in the Rif, the medina of Fes, Sahara dunes and Atlantic mornings. Two weeks connecting Morocco’s cities and landscapes, with longer stays along the way.",
https://lauraluxuryjourneys.com/en/journeys/ouzoud-waterfalls/,dist\en\journeys\ouzoud-waterfalls\index.html,Ouzoud Waterfalls Day Trip from Marrakech | Laura Luxury Journeys,"Follow shaded paths through olive groves, pause above the cascades and enjoy lunch with the sound of falling water. A full day in the countryside from Marrakech, with transport arranged for you and your companions.",
https://lauraluxuryjourneys.com/en/journeys/ourika-valley/,dist\en\journeys\ourika-valley\index.html,Ourika Valley Day Trip from Marrakech | Laura Luxury Journeys,"Walnut trees, hillside villages and lunch beside the river. Leave Marrakech for the Ourika Valley, with a waterfall walk at Setti Fatma or a quieter afternoon by the water.",
https://lauraluxuryjourneys.com/en/journeys/essaouira-day/,dist\en\journeys\essaouira-day\index.html,Essaouira Day Trip from Marrakech | Laura Luxury Journeys,"Blue fishing boats, sea-facing ramparts and a medina made for wandering. Spend a day on the Atlantic coast, with time for a seafood lunch and a walk along the shore.",
https://lauraluxuryjourneys.com/en/journeys/ait-ben-haddou-day/,dist\en\journeys\ait-ben-haddou-day\index.html,Aït Ben Haddou & Ouarzazate Day Trip from Marrakech | Laura Luxury Journeys,"Wind through the High Atlas to Aït Ben Haddou’s earthen towers and the kasbahs of Ouarzazate. A full day of mountain views, village lanes and Morocco’s film country.",
https://lauraluxuryjourneys.com/en/journeys/agafay-evening/,dist\en\journeys\agafay-evening\index.html,Agafay Sunset Dinner & Show from Marrakech | Laura Luxury Journeys,"Watch the light soften over Agafay’s rocky hills, then settle in for an evening meal. Open skies and desert scenery, within an evening’s reach of Marrakech.",
https://lauraluxuryjourneys.com/en/journeys/imlil-atlas-day/,dist\en\journeys\imlil-atlas-day\index.html,"Imlil, Atlas Mountains & Agafay Day Trip | Laura Luxury Journeys","Rocky desert, lake views and a walk among mountain villages. Follow the road from Agafay through Lalla Takerkoust and the Kik Plateau to Imlil, with a camel ride and lunch along the way.",
https://lauraluxuryjourneys.com/en/journeys/marrakech-balloon/,dist\en\journeys\marrakech-balloon\index.html,Hot-Air Balloon Flight near Marrakech | Laura Luxury Journeys,"Leave before sunrise for a balloon flight over the countryside around Marrakech. A different view of Morocco, with the Atlas on the distant horizon.",
https://lauraluxuryjourneys.com/en/journeys/agafay-quad/,dist\en\journeys\agafay-quad\index.html,Agafay Quad Biking from Marrakech | Laura Luxury Journeys,"Leave the city for Agafay’s open tracks and rocky hills. Get familiar with the quad, then follow the lead vehicle through the landscape with time for scenic stops.",
https://lauraluxuryjourneys.com/en/journeys/merzouga-camel/,dist\en\journeys\merzouga-camel\index.html,"Camel Ride in the Erg Chebbi Dunes, Merzouga | Laura Luxury Journeys","See Erg Chebbi from camelback as the dunes change color around you. A short outing from Merzouga, with sunrise or sunset options and time to pause along the way.",
https://lauraluxuryjourneys.com/en/journeys/merzouga-sandboarding/,dist\en\journeys\merzouga-sandboarding\index.html,"Sandboarding at Erg Chebbi, Merzouga | Laura Luxury Journeys","A board, a dune and another reason to spend time outside. Try sandboarding near Merzouga, with space to practice and enjoy the views between runs.",
https://lauraluxuryjourneys.com/en/journeys/agafay-buggy/,dist\en\journeys\agafay-buggy\index.html,Agafay Buggy Experience from Marrakech | Laura Luxury Journeys,"Take to Agafay’s rocky tracks on a buggy drive. Open views, a little adventure and time to get comfortable at the wheel before you begin.",
https://lauraluxuryjourneys.com/en/journeys/atlas-paragliding/,dist\en\journeys\atlas-paragliding\index.html,Tandem Paragliding near Marrakech | Laura Luxury Journeys,"See the foothills from the air on a tandem flight with a pilot. A striking change of perspective near Marrakech, planned around the day’s flying conditions.",
https://lauraluxuryjourneys.com/en/journeys/marrakech-hammam/,dist\en\journeys\marrakech-hammam\index.html,Traditional Hammam & Spa in Marrakech | Laura Luxury Journeys,A welcome pause between days of exploring Marrakech. Choose a traditional bathhouse or a spa setting and make time for Morocco’s bathing ritual.,
https://lauraluxuryjourneys.com/en/journeys/marrakech-cooking/,dist\en\journeys\marrakech-cooking\index.html,Moroccan Cooking Class in Marrakech | Laura Luxury Journeys,"Learn a few of the flavors you’ve been enjoying, then sit down to the meal you’ve made. A hands-on cooking class, with a market visit available for selected sessions.",
https://lauraluxuryjourneys.com/en/journeys/marrakech-dinner-show/,dist\en\journeys\marrakech-dinner-show\index.html,Moroccan Dinner & Show in Marrakech | Laura Luxury Journeys,Bring Moroccan food and an evening performance into your Marrakech stay. Choose a venue and program that suit the kind of night you have in mind.,
https://lauraluxuryjourneys.com/en/journeys/essaouira-horse-riding/,dist\en\journeys\essaouira-horse-riding\index.html,Coastal Horse Riding in Essaouira | Laura Luxury Journeys,"Leave the medina for a ride along the coast. Meet the stable team and follow a trail chosen for your experience, with sea air and open scenery along the way.",
https://lauraluxuryjourneys.com/en/journeys/essaouira-surf-kitesurf/,dist\en\journeys\essaouira-surf-kitesurf\index.html,Surf & Kitesurf Lessons in Essaouira | Laura Luxury Journeys,"Trade the medina lanes for ocean air. Catch your first waves or discover the pull of a kite, with a coastal session shaped around your level and the Atlantic conditions.",
https://lauraluxuryjourneys.com/en/journeys/taghazout-surf-kitesurf/,dist\en\journeys\taghazout-surf-kitesurf\index.html,Surf Lessons & Kitesurf by Arrangement in Taghazout | Laura Luxury Journeys,"Step into Taghazout’s surf life: ocean sessions, sandy feet and time to slow down by the sea. Choose surf coaching, or request a kitesurf session when local wind and availability allow.",
https://lauraluxuryjourneys.com/en/journeys/,dist\en\journeys\index.html,Explore all | Laura Luxury Journeys,"Follow the coast, spend a night in the Sahara or step away from the city for the day. Find a journey that speaks to you, and we’ll help you make it your own.",
https://lauraluxuryjourneys.com/en/travel-notes/time/,dist\en\travel-notes\time\index.html,How much of Morocco feels right for you? | Laura Luxury Journeys,"A quiet courtyard breakfast. Salt air in Essaouira. The last light on the dunes at Merzouga. Start with the moments you most want to experience, then give them room in your itinerary. Morocco rewards a little time to linger.",
https://lauraluxuryjourneys.com/en/travel-notes/stays/,dist\en\travel-notes\stays\index.html,A stay that becomes part of the journey | Laura Luxury Journeys,"In a riad, the pleasure might be breakfast beside a courtyard and stepping straight into the life of the medina. A hotel or lodge outside the centre may suit you better if you value easier access or more space. Choose for the way you like to spend your day, as well as the photographs.",
https://lauraluxuryjourneys.com/en/travel-notes/seasons/,dist\en\travel-notes\seasons\index.html,Find the Morocco of your season | Laura Luxury Journeys,"If your wish list brings together city streets, mountain scenery and the Sahara, spring or autumn is often a good starting point. The desert is generally more comfortable than in high summer. Pack layers: a sunny afternoon and a cool evening can belong to the same day.",
https://lauraluxuryjourneys.com/fr/journeys/sahara-marrakech-3-days/,dist\fr\journeys\sahara-marrakech-3-days\index.html,Circuit privé au Sahara : 3 jours depuis Marrakech | Laura Luxury Journeys,"Trois jours depuis Marrakech entre cols du Haut Atlas, kasbahs en terre et dunes de l’Erg Chebbi, avec une soirée et une nuit au camp dans le Sahara.",
https://lauraluxuryjourneys.com/fr/journeys/imperial-cities-sahara-9-days/,dist\fr\journeys\imperial-cities-sahara-9-days\index.html,Maroc en 9 jours : villes impériales et Sahara | Laura Luxury Journeys,"De Casablanca à Marrakech en neuf jours, découvrez les villes impériales, les ruelles de Fes et les dunes de l’Erg Chebbi.",
https://lauraluxuryjourneys.com/fr/journeys/slow-sahara-5-days/,dist\fr\journeys\slow-sahara-5-days\index.html,Circuit privé au Sahara : 5 jours depuis Marrakech | Laura Luxury Journeys,"Cinq jours depuis Marrakech pour rejoindre le Sahara sans se presser, avec deux nuits près de Merzouga et une journée entière autour des dunes.",
https://lauraluxuryjourneys.com/fr/journeys/marrakech-fes-sahara-4-days/,dist\fr\journeys\marrakech-fes-sahara-4-days\index.html,De Marrakech à Fes par le Sahara en 4 jours | Laura Luxury Journeys,"Reliez Marrakech à Fès en quatre jours par les kasbahs, les gorges et le Sahara, avec deux nuits près de Merzouga et une journée autour des dunes.",
https://lauraluxuryjourneys.com/fr/journeys/southern-morocco-7-days/,dist\fr\journeys\southern-morocco-7-days\index.html,Sud marocain et Sahara : circuit de 7 jours | Laura Luxury Journeys,"Une semaine depuis Marrakech entre kasbahs, palmeraies et vallées du sud, avant deux nuits près des dunes du Sahara.",
https://lauraluxuryjourneys.com/fr/journeys/coast-desert-8-days/,dist\fr\journeys\coast-desert-8-days\index.html,Sahara et Essaouira : 8 jours depuis Marrakech | Laura Luxury Journeys,"Huit jours au départ de Marrakech pour relier le Sahara à l’Atlantic, avec une nuit dans le désert et deux nuits à Essaouira.",
https://lauraluxuryjourneys.com/fr/journeys/north-sahara-10-days/,dist\fr\journeys\north-sahara-10-days\index.html,De Tangier à Marrakech par le Sahara en 10 jours | Laura Luxury Journeys,"De Tangier à Marrakech en dix jours, passez par Chefchaouen, Fes et le Sahara, avec du temps dans les médinas et une journée près des dunes.",
https://lauraluxuryjourneys.com/fr/journeys/grand-morocco-14-days/,dist\fr\journeys\grand-morocco-14-days\index.html,"Morocco en 14 jours : villes, Sahara et Essaouira | Laura Luxury Journeys","Deux semaines au Morocco entre les ruelles bleues du Rif, Fes, les dunes du Sahara et Essaouira, avec plusieurs étapes de deux nuits ou plus.",
https://lauraluxuryjourneys.com/fr/journeys/ouzoud-waterfalls/,dist\fr\journeys\ouzoud-waterfalls\index.html,Ouzoud Waterfalls : excursion depuis Marrakech | Laura Luxury Journeys,"Sentiers ombragés, oliviers et déjeuner au son des cascades : profitez d’une journée à Ouzoud, avec un transport réservé pour vous depuis Marrakech.",
https://lauraluxuryjourneys.com/fr/journeys/ourika-valley/,dist\fr\journeys\ourika-valley\index.html,Ourika Valley : excursion depuis Marrakech | Laura Luxury Journeys,"Noyers, villages de montagne et déjeuner au bord de l’eau : découvrez la Ourika Valley, avec une marche vers les cascades ou une pause tranquille à la rivière.",
https://lauraluxuryjourneys.com/fr/journeys/essaouira-day/,dist\fr\journeys\essaouira-day\index.html,Essaouira : excursion d’une journée depuis Marrakech | Laura Luxury Journeys,"Barques bleues, remparts face à la mer et ruelles de la médina : passez une journée à Essaouira, avec le temps de déjeuner et de marcher sur la plage.",
https://lauraluxuryjourneys.com/fr/journeys/ait-ben-haddou-day/,dist\fr\journeys\ait-ben-haddou-day\index.html,Aït Ben Haddou et Ouarzazate : excursion depuis Marrakech | Laura Luxury Journeys,"Traversez le High Atlas jusqu’aux tours en terre d’Aït Ben Haddou et aux kasbahs de Ouarzazate, entre panoramas de montagne et décors de cinéma.",
https://lauraluxuryjourneys.com/fr/journeys/agafay-evening/,dist\fr\journeys\agafay-evening\index.html,"Agafay : coucher de soleil, dîner et spectacle | Laura Luxury Journeys","Regardez la lumière changer sur les collines rocheuses d’Agafay, puis partagez un dîner marocain et une soirée musicale à proximité de Marrakech.",
https://lauraluxuryjourneys.com/fr/journeys/imlil-atlas-day/,dist\fr\journeys\imlil-atlas-day\index.html,"Imlil, Atlas et Agafay : excursion d’une journée | Laura Luxury Journeys","D’Agafay à Imlil par Lalla Takerkoust et le Kik Plateau, découvrez le désert rocheux, le lac et les villages de l’Atlas, avec balade à dos de dromadaire et déjeuner.",
https://lauraluxuryjourneys.com/fr/journeys/marrakech-balloon/,dist\fr\journeys\marrakech-balloon\index.html,Vol en montgolfière près de Marrakech | Laura Luxury Journeys,"Partez avant l’aube pour un vol en montgolfière au-dessus de la campagne de Marrakech, avec les reliefs de l’Atlas à l’horizon.",
https://lauraluxuryjourneys.com/fr/journeys/agafay-quad/,dist\fr\journeys\agafay-quad\index.html,Balade en quad à Agafay depuis Marrakech | Laura Luxury Journeys,"Rejoignez les pistes et les collines rocheuses d’Agafay. Après la prise en main du quad, suivez le parcours prévu avec des pauses pour admirer les paysages.",
https://lauraluxuryjourneys.com/fr/journeys/merzouga-camel/,dist\fr\journeys\merzouga-camel\index.html,Balade à dos de dromadaire à Merzouga | Laura Luxury Journeys,"Découvrez les dunes de l’Erg Chebbi à dos de dromadaire depuis Merzouga, au lever ou au coucher du soleil, avec des pauses pour profiter de la vue.",
https://lauraluxuryjourneys.com/fr/journeys/merzouga-sandboarding/,dist\fr\journeys\merzouga-sandboarding\index.html,Sandboard dans les dunes de l’Erg Chebbi à Merzouga | Laura Luxury Journeys,"Essayez le sandboard sur les dunes près de Merzouga. Entre deux descentes, prenez le temps de vous entraîner et d’admirer les paysages.",
https://lauraluxuryjourneys.com/fr/journeys/agafay-buggy/,dist\fr\journeys\agafay-buggy\index.html,Sortie en buggy à Agafay depuis Marrakech | Laura Luxury Journeys,"Parcourez les pistes rocheuses d’Agafay en buggy, après un temps de prise en main pour vous sentir à l’aise au volant.",
https://lauraluxuryjourneys.com/fr/journeys/atlas-paragliding/,dist\fr\journeys\atlas-paragliding\index.html,Vol en parapente biplace près de Marrakech | Laura Luxury Journeys,"Découvrez les contreforts de l’Atlas depuis les airs lors d’un vol en parapente biplace avec un pilote, selon les conditions du jour.",
https://lauraluxuryjourneys.com/fr/journeys/marrakech-hammam/,dist\fr\journeys\marrakech-hammam\index.html,Hammam traditionnel et spa à Marrakech | Laura Luxury Journeys,Accordez-vous une pause pendant votre séjour à Marrakech. Hammam traditionnel ou spa : choisissez le cadre qui vous convient pour ce rituel marocain.,
https://lauraluxuryjourneys.com/fr/journeys/marrakech-cooking/,dist\fr\journeys\marrakech-cooking\index.html,Cours de cuisine marocaine à Marrakech | Laura Luxury Journeys,"Préparez des recettes marocaines, puis partagez le repas que vous avez cuisiné. Selon la séance choisie, une visite du marché peut compléter l’atelier.",
https://lauraluxuryjourneys.com/fr/journeys/marrakech-dinner-show/,dist\fr\journeys\marrakech-dinner-show\index.html,Dîner marocain et spectacle à Marrakech | Laura Luxury Journeys,"Associez cuisine marocaine et spectacle lors d’une soirée à Marrakech, dans un établissement choisi selon vos envies.",
https://lauraluxuryjourneys.com/fr/journeys/essaouira-horse-riding/,dist\fr\journeys\essaouira-horse-riding\index.html,Balade à cheval sur la côte d’Essaouira | Laura Luxury Journeys,"Quittez la médina pour une balade à cheval sur la côte d’Essaouira, avec l’équipe de l’écurie et un parcours adapté à votre expérience.",
https://lauraluxuryjourneys.com/fr/journeys/essaouira-surf-kitesurf/,dist\fr\journeys\essaouira-surf-kitesurf\index.html,Cours de surf et kitesurf à Essaouira | Laura Luxury Journeys,"Retrouvez l’océan pour une séance de surf ou de kitesurf à Essaouira, adaptée à votre niveau et aux conditions de l’Atlantic.",
https://lauraluxuryjourneys.com/fr/journeys/taghazout-surf-kitesurf/,dist\fr\journeys\taghazout-surf-kitesurf\index.html,Surf à Taghazout et kitesurf sur demande | Laura Luxury Journeys,"Découvrez le surf à Taghazout, entre séance dans les vagues et temps au bord de l’océan. Le kitesurf est proposé sur demande, selon le vent et la disponibilité.",
https://lauraluxuryjourneys.com/fr/journeys/,dist\fr\journeys\index.html,Tout découvrir | Laura Luxury Journeys,"Longez la côte, passez une nuit au Sahara ou quittez la ville le temps d’une journée. Choisissez un voyage qui vous attire, et nous l’adapterons à vos envies.",
https://lauraluxuryjourneys.com/fr/travel-notes/time/,dist\fr\travel-notes\time\index.html,Quel Maroc avez-vous envie de découvrir ? | Laura Luxury Journeys,"Un petit-déjeuner dans une cour paisible. L’air marin à Essaouira. La dernière lumière sur les dunes de Merzouga. Pensez d’abord aux moments que vous aimeriez vivre, puis laissez-leur une vraie place dans votre itinéraire. Le Maroc se découvre aussi en prenant son temps.",
https://lauraluxuryjourneys.com/fr/travel-notes/stays/,dist\fr\travel-notes\stays\index.html,Des nuits qui font partie du voyage | Laura Luxury Journeys,"Dans un riad, le plaisir tient parfois à un petit-déjeuner près du patio et à la vie de la médina juste derrière la porte. Un hôtel ou un lodge hors du centre peut mieux vous convenir si vous recherchez un accès facile ou davantage d’espace. Choisissez aussi selon votre façon de vivre la journée, au-delà des photos.",
https://lauraluxuryjourneys.com/fr/travel-notes/seasons/,dist\fr\travel-notes\seasons\index.html,"À chaque saison, un Maroc à découvrir | Laura Luxury Journeys","Pour associer les villes, les paysages de montagne et le Sahara, le printemps ou l’automne constitue souvent un bon point de départ. Le désert est généralement plus agréable qu’en plein été. Prévoyez plusieurs couches : une après-midi ensoleillée peut être suivie d’une soirée fraîche.",
https://lauraluxuryjourneys.com/es/journeys/sahara-marrakech-3-days/,dist\es\journeys\sahara-marrakech-3-days\index.html,Tour privado al Sahara de 3 días desde Marrakech | Laura Luxury Journeys,"Tres días desde Marrakech entre puertos del Atlas, kasbahs de adobe y las dunas de Erg Chebbi, con una noche en el Sahara.",
https://lauraluxuryjourneys.com/es/journeys/imperial-cities-sahara-9-days/,dist\es\journeys\imperial-cities-sahara-9-days\index.html,Marruecos en 9 días: ciudades imperiales y Sahara | Laura Luxury Journeys,"De Casablanca a Marrakech en nueve días, entre ciudades imperiales, patios de Fes y las dunas de Erg Chebbi.",
https://lauraluxuryjourneys.com/es/journeys/slow-sahara-5-days/,dist\es\journeys\slow-sahara-5-days\index.html,Tour privado al Sahara de 5 días desde Marrakech | Laura Luxury Journeys,"Cinco días desde Marrakech para disfrutar del Sahara y los valles del sur, con dos noches cerca de Merzouga y un día entero junto a las dunas.",
https://lauraluxuryjourneys.com/es/journeys/marrakech-fes-sahara-4-days/,dist\es\journeys\marrakech-fes-sahara-4-days\index.html,De Marrakech a Fes por el Sahara en 4 días | Laura Luxury Journeys,"Una Marrakech y Fez en cuatro días por kasbahs, gargantas y el Sahara, con dos noches cerca de Merzouga para disfrutar del desierto.",
https://lauraluxuryjourneys.com/es/journeys/southern-morocco-7-days/,dist\es\journeys\southern-morocco-7-days\index.html,Sur de Morocco y Sahara: circuito de 7 días | Laura Luxury Journeys,"Una semana desde Marrakech entre kasbahs, palmerales y valles del sur, antes de pasar dos noches cerca de las dunas del Sahara.",
https://lauraluxuryjourneys.com/es/journeys/coast-desert-8-days/,dist\es\journeys\coast-desert-8-days\index.html,Sahara y Essaouira: 8 días desde Marrakech | Laura Luxury Journeys,"Del Sahara al Atlantic en ocho días desde Marrakech, con una noche en el desierto y dos noches junto al mar en Essaouira.",
https://lauraluxuryjourneys.com/es/journeys/north-sahara-10-days/,dist\es\journeys\north-sahara-10-days\index.html,De Tangier a Marrakech por el Sahara en 10 días | Laura Luxury Journeys,"De Tangier a Marrakech en diez días, pasando por Chefchaouen, Fes y el Sahara, con tiempo en las medinas y un día junto a las dunas.",
https://lauraluxuryjourneys.com/es/journeys/grand-morocco-14-days/,dist\es\journeys\grand-morocco-14-days\index.html,"Morocco en 14 días: ciudades, Sahara y Essaouira | Laura Luxury Journeys","Dos semanas entre las calles azules del Rif, Fes, las dunas del Sahara y Essaouira, con estancias más largas para conocer cada lugar.",
https://lauraluxuryjourneys.com/es/journeys/ouzoud-waterfalls/,dist\es\journeys\ouzoud-waterfalls\index.html,Ouzoud Waterfalls: excursión desde Marrakech | Laura Luxury Journeys,"Camine entre olivos, contemple las cascadas y almuerce junto al agua. Un día en Ouzoud desde Marrakech, con transporte para usted y sus acompañantes.",
https://lauraluxuryjourneys.com/es/journeys/ourika-valley/,dist\es\journeys\ourika-valley\index.html,Ourika Valley: excursión desde Marrakech | Laura Luxury Journeys,"Nogales, pueblos de montaña y un almuerzo junto al río. Descubra el Ourika Valley, con una caminata a la cascada o una tarde tranquila junto al agua.",
https://lauraluxuryjourneys.com/es/journeys/essaouira-day/,dist\es\journeys\essaouira-day\index.html,Essaouira: excursión de un día desde Marrakech | Laura Luxury Journeys,"Barcas azules, murallas frente al mar y una medina para pasear. Disfrute de Essaouira con tiempo para almorzar y caminar por la costa.",
https://lauraluxuryjourneys.com/es/journeys/ait-ben-haddou-day/,dist\es\journeys\ait-ben-haddou-day\index.html,Aït Ben Haddou y Ouarzazate: excursión desde Marrakech | Laura Luxury Journeys,"Cruce el High Atlas hasta las torres de adobe de Aït Ben Haddou y las kasbahs de Ouarzazate, entre paisajes de montaña y escenarios de cine.",
https://lauraluxuryjourneys.com/es/journeys/agafay-evening/,dist\es\journeys\agafay-evening\index.html,"Agafay: atardecer, cena y espectáculo | Laura Luxury Journeys","Contemple el atardecer sobre las colinas de Agafay y disfrute de una cena marroquí con música tradicional, a poca distancia de Marrakech.",
https://lauraluxuryjourneys.com/es/journeys/imlil-atlas-day/,dist\es\journeys\imlil-atlas-day\index.html,"Imlil, Atlas y Agafay: excursión de un día | Laura Luxury Journeys","De Agafay a Imlil por Lalla Takerkoust y la Kik Plateau: desierto rocoso, lago y pueblos del Atlas, con paseo en dromedario y almuerzo.",
https://lauraluxuryjourneys.com/es/journeys/marrakech-balloon/,dist\es\journeys\marrakech-balloon\index.html,Vuelo en globo cerca de Marrakech | Laura Luxury Journeys,"Salga antes del amanecer para volar en globo sobre el campo de Marrakech, con las montañas del Atlas en el horizonte.",
https://lauraluxuryjourneys.com/es/journeys/agafay-quad/,dist\es\journeys\agafay-quad\index.html,Ruta en quad por Agafay desde Marrakech | Laura Luxury Journeys,"Descubra las pistas y colinas de Agafay en quad. Tras aprender los controles, siga el recorrido acordado con pausas para disfrutar del paisaje.",
https://lauraluxuryjourneys.com/es/journeys/merzouga-camel/,dist\es\journeys\merzouga-camel\index.html,Paseo en dromedario por las dunas de Merzouga | Laura Luxury Journeys,"Descubra las dunas de Erg Chebbi en dromedario desde Merzouga, al amanecer o al atardecer, con pausas para contemplar el paisaje.",
https://lauraluxuryjourneys.com/es/journeys/merzouga-sandboarding/,dist\es\journeys\merzouga-sandboarding\index.html,"Sandboard en Erg Chebbi, Merzouga | Laura Luxury Journeys","Pruebe el sandboard en las dunas cerca de Merzouga, con tiempo para practicar y disfrutar del paisaje entre descensos.",
https://lauraluxuryjourneys.com/es/journeys/agafay-buggy/,dist\es\journeys\agafay-buggy\index.html,Ruta en buggy por Agafay desde Marrakech | Laura Luxury Journeys,"Recorra las pistas rocosas de Agafay en buggy, con tiempo para familiarizarse con los controles antes de salir y disfrutar de las vistas.",
https://lauraluxuryjourneys.com/es/journeys/atlas-paragliding/,dist\es\journeys\atlas-paragliding\index.html,Parapente biplaza cerca de Marrakech | Laura Luxury Journeys,"Vea las estribaciones del Atlas desde el aire en un vuelo biplaza con piloto, cerca de Marrakech y según las condiciones del día.",
https://lauraluxuryjourneys.com/es/journeys/marrakech-hammam/,dist\es\journeys\marrakech-hammam\index.html,Hammam tradicional y spa en Marrakech | Laura Luxury Journeys,Haga una pausa durante su estancia en Marrakech. Elija un hammam tradicional o un spa y dedique tiempo a este ritual marroquí.,
https://lauraluxuryjourneys.com/es/journeys/marrakech-cooking/,dist\es\journeys\marrakech-cooking\index.html,Clase de cocina marroquí en Marrakech | Laura Luxury Journeys,Aprenda a preparar platos marroquíes y comparta la comida que ha cocinado. Algunas sesiones incluyen la posibilidad de visitar el mercado.,
https://lauraluxuryjourneys.com/es/journeys/marrakech-dinner-show/,dist\es\journeys\marrakech-dinner-show\index.html,Cena marroquí y espectáculo en Marrakech | Laura Luxury Journeys,"Combine cocina marroquí y espectáculo durante una noche en Marrakech, en un lugar elegido según el ambiente que busca.",
https://lauraluxuryjourneys.com/es/journeys/essaouira-horse-riding/,dist\es\journeys\essaouira-horse-riding\index.html,Paseo a caballo por la costa de Essaouira | Laura Luxury Journeys,"Salga de la medina para recorrer la costa de Essaouira a caballo, con el equipo de la cuadra y una ruta adaptada a su experiencia.",
https://lauraluxuryjourneys.com/es/journeys/essaouira-surf-kitesurf/,dist\es\journeys\essaouira-surf-kitesurf\index.html,Clases de surf y kitesurf en Essaouira | Laura Luxury Journeys,"Cambie las calles de la medina por el océano en una sesión de surf o kitesurf en Essaouira, adaptada a su nivel y a las condiciones del Atlantic.",
https://lauraluxuryjourneys.com/es/journeys/taghazout-surf-kitesurf/,dist\es\journeys\taghazout-surf-kitesurf\index.html,Surf en Taghazout y kitesurf bajo petición | Laura Luxury Journeys,"Descubra el surf en Taghazout, entre olas y momentos junto al mar. El kitesurf se organiza bajo petición, según el viento y la disponibilidad.",
https://lauraluxuryjourneys.com/es/journeys/,dist\es\journeys\index.html,Ver todo | Laura Luxury Journeys,"Recorre la costa, pasa una noche en el Sáhara o sal de la ciudad por un día. Encuentra un viaje que te atraiga y te ayudaremos a hacerlo tuyo.",
https://lauraluxuryjourneys.com/es/travel-notes/time/,dist\es\travel-notes\time\index.html,¿Qué Marruecos te apetece descubrir? | Laura Luxury Journeys,Un desayuno tranquilo en un patio. El aire del mar en Essaouira. La última luz sobre las dunas de Merzouga. Piensa en los momentos que deseas vivir y dales espacio en tu itinerario. Marruecos también se disfruta sin prisa.,
https://lauraluxuryjourneys.com/es/travel-notes/stays/,dist\es\travel-notes\stays\index.html,Un alojamiento que forma parte del viaje | Laura Luxury Journeys,"En un riad, el encanto puede estar en desayunar junto al patio y salir directamente a la vida de la medina. Un hotel o lodge fuera del centro puede encajar mejor si buscas un acceso más fácil o más espacio. Elige pensando en cómo te gusta pasar el día, además de en las fotografías.",
https://lauraluxuryjourneys.com/es/travel-notes/seasons/,dist\es\travel-notes\seasons\index.html,Encuentra tu estación en Marruecos | Laura Luxury Journeys,"Para combinar ciudades, paisajes de montaña y el Sahara, la primavera o el otoño suelen ser un buen punto de partida. El desierto resulta generalmente más agradable que en pleno verano. Lleva varias capas: una tarde soleada puede dar paso a una noche fresca.",
https://lauraluxuryjourneys.com/de/journeys/sahara-marrakech-3-days/,dist\de\journeys\sahara-marrakech-3-days\index.html,Private Sahara-Reise ab Marrakech in 3 Tagen | Laura Luxury Journeys,"Drei Tage ab Marrakech: über den Atlas, vorbei an Kasbahs aus Lehm bis zu den Dünen des Erg Chebbi, mit einer Nacht in der Sahara.",
https://lauraluxuryjourneys.com/de/journeys/imperial-cities-sahara-9-days/,dist\de\journeys\imperial-cities-sahara-9-days\index.html,Marokko in 9 Tagen: Königsstädte und Sahara | Laura Luxury Journeys,"In neun Tagen von Casablanca nach Marrakech: Königsstädte, die Gassen von Fes und die Dünen des Erg Chebbi.",
https://lauraluxuryjourneys.com/de/journeys/slow-sahara-5-days/,dist\de\journeys\slow-sahara-5-days\index.html,Private Sahara-Reise ab Marrakech in 5 Tagen | Laura Luxury Journeys,"Fünf Tage ab Marrakech für die Sahara und die Täler des Südens, mit zwei Nächten bei Merzouga und einem ganzen Tag an den Dünen.",
https://lauraluxuryjourneys.com/de/journeys/marrakech-fes-sahara-4-days/,dist\de\journeys\marrakech-fes-sahara-4-days\index.html,In 4 Tagen von Marrakech über die Sahara nach Fes | Laura Luxury Journeys,"Von Marrakech nach Fes in vier Tagen: Kasbahs, Schluchten und Sahara, mit zwei Nächten bei Merzouga und Zeit für die Dünen.",
https://lauraluxuryjourneys.com/de/journeys/southern-morocco-7-days/,dist\de\journeys\southern-morocco-7-days\index.html,Südmarokko und Sahara: Rundreise in 7 Tagen | Laura Luxury Journeys,"Eine Woche ab Marrakech zwischen Kasbahs, Palmenhainen und südlichen Tälern, mit zwei Nächten bei den Dünen der Sahara.",
https://lauraluxuryjourneys.com/de/journeys/coast-desert-8-days/,dist\de\journeys\coast-desert-8-days\index.html,Sahara und Essaouira: 8 Tage ab Marrakech | Laura Luxury Journeys,"In acht Tagen ab Marrakech von der Sahara zum Atlantic, mit einer Wüstennacht und zwei Nächten am Meer in Essaouira.",
https://lauraluxuryjourneys.com/de/journeys/north-sahara-10-days/,dist\de\journeys\north-sahara-10-days\index.html,In 10 Tagen von Tangier über die Sahara nach Marrakech | Laura Luxury Journeys,"In zehn Tagen von Tangier über Chefchaouen, Fes und die Sahara nach Marrakech, mit Zeit in den Medinas und einem Tag bei den Dünen.",
https://lauraluxuryjourneys.com/de/journeys/grand-morocco-14-days/,dist\de\journeys\grand-morocco-14-days\index.html,"Morocco in 14 Tagen: Städte, Sahara und Essaouira | Laura Luxury Journeys","Zwei Wochen zwischen den blauen Gassen des Rif, Fes, der Sahara und Essaouira, mit längeren Aufenthalten an mehreren Orten.",
https://lauraluxuryjourneys.com/de/journeys/ouzoud-waterfalls/,dist\de\journeys\ouzoud-waterfalls\index.html,Tagesausflug zu den Ouzoud Waterfalls ab Marrakech | Laura Luxury Journeys,Spazieren Sie durch Olivenhaine und genießen Sie den Blick auf die Wasserfälle. Ein Tag in Ouzoud mit eigenem Fahrer ab Marrakech.,
https://lauraluxuryjourneys.com/de/journeys/ourika-valley/,dist\de\journeys\ourika-valley\index.html,Tagesausflug ins Ourika Valley ab Marrakech | Laura Luxury Journeys,"Walnussbäume, Bergdörfer und ein Mittagessen am Fluss: Entdecken Sie das Ourika Valley, mit einer Wanderung zum Wasserfall oder einer ruhigen Pause am Wasser.",
https://lauraluxuryjourneys.com/de/journeys/essaouira-day/,dist\de\journeys\essaouira-day\index.html,Tagesausflug nach Essaouira ab Marrakech | Laura Luxury Journeys,"Blaue Fischerboote, Stadtmauern am Meer und eine Medina zum Bummeln: Genießen Sie Essaouira mit Zeit zum Mittagessen und für einen Strandspaziergang.",
https://lauraluxuryjourneys.com/de/journeys/ait-ben-haddou-day/,dist\de\journeys\ait-ben-haddou-day\index.html,Aït Ben Haddou und Ouarzazate: Tagesausflug ab Marrakech | Laura Luxury Journeys,"Überqueren Sie den High Atlas zu den Lehmbauten von Aït Ben Haddou und den Kasbahs von Ouarzazate, zwischen Bergpanoramen und Filmkulissen.",
https://lauraluxuryjourneys.com/de/journeys/agafay-evening/,dist\de\journeys\agafay-evening\index.html,"Agafay: Sonnenuntergang, Abendessen und Show | Laura Luxury Journeys",Erleben Sie den Sonnenuntergang über Agafay Hügeln und genießen Sie ein marokkanisches Abendessen mit traditioneller Musik nahe Marrakech.,
https://lauraluxuryjourneys.com/de/journeys/imlil-atlas-day/,dist\de\journeys\imlil-atlas-day\index.html,"Imlil, Atlasgebirge und Agafay: Tagesausflug | Laura Luxury Journeys","Von Agafay über Lalla Takerkoust und das Kik Plateau nach Imlil: Steinwüste, See und Bergdörfer, mit Dromedarritt und Mittagessen.",
https://lauraluxuryjourneys.com/de/journeys/marrakech-balloon/,dist\de\journeys\marrakech-balloon\index.html,Heißluftballonfahrt bei Marrakech | Laura Luxury Journeys,"Starten Sie vor Sonnenaufgang zu einer Ballonfahrt über die Landschaft bei Marrakech, mit dem Atlas am Horizont.",
https://lauraluxuryjourneys.com/de/journeys/agafay-quad/,dist\de\journeys\agafay-quad\index.html,Quad-Tour in Agafay ab Marrakech | Laura Luxury Journeys,"Entdecken Sie Agafay Pisten und Hügel auf dem Quad. Nach der Einweisung folgen Sie der vereinbarten Route, mit Pausen für die Aussicht.",
https://lauraluxuryjourneys.com/de/journeys/merzouga-camel/,dist\de\journeys\merzouga-camel\index.html,Dromedarritt durch die Dünen bei Merzouga | Laura Luxury Journeys,"Entdecken Sie die Dünen des Erg Chebbi auf einem Dromedarritt ab Merzouga, zum Sonnenaufgang oder Sonnenuntergang und mit Zeit für die Aussicht.",
https://lauraluxuryjourneys.com/de/journeys/merzouga-sandboarding/,dist\de\journeys\merzouga-sandboarding\index.html,Sandboarding am Erg Chebbi bei Merzouga | Laura Luxury Journeys,"Probieren Sie Sandboarding auf den Dünen bei Merzouga aus, mit Zeit zum Üben und Verschnaufen zwischen den Abfahrten.",
https://lauraluxuryjourneys.com/de/journeys/agafay-buggy/,dist\de\journeys\agafay-buggy\index.html,Buggy-Tour in Agafay ab Marrakech | Laura Luxury Journeys,"Erkunden Sie Agafay felsige Pisten im Buggy. Eine Einweisung gibt Ihnen Zeit, sich vor der Fahrt mit dem Fahrzeug vertraut zu machen.",
https://lauraluxuryjourneys.com/de/journeys/atlas-paragliding/,dist\de\journeys\atlas-paragliding\index.html,Tandem-Gleitschirmflug bei Marrakech | Laura Luxury Journeys,"Erleben Sie die Ausläufer des Atlas aus der Luft, bei einem Tandemflug mit Pilot nahe Marrakech und passend zu den Wetterbedingungen.",
https://lauraluxuryjourneys.com/de/journeys/marrakech-hammam/,dist\de\journeys\marrakech-hammam\index.html,Traditionelles Hammam und Spa in Marrakech | Laura Luxury Journeys,Gönnen Sie sich eine Pause in Marrakech. Wählen Sie ein traditionelles Hammam oder ein Spa und nehmen Sie sich Zeit für das marokkanische Baderitual.,
https://lauraluxuryjourneys.com/de/journeys/marrakech-cooking/,dist\de\journeys\marrakech-cooking\index.html,Marokkanischer Kochkurs in Marrakech | Laura Luxury Journeys,Lernen Sie marokkanische Gerichte zuzubereiten und genießen Sie anschließend Ihr selbst gekochtes Essen. Bei ausgewählten Kursen ist ein Marktbesuch möglich.,
https://lauraluxuryjourneys.com/de/journeys/marrakech-dinner-show/,dist\de\journeys\marrakech-dinner-show\index.html,Marokkanisches Abendessen und Show in Marrakech | Laura Luxury Journeys,Verbinden Sie marokkanische Küche und eine Vorstellung bei einem Abend in Marrakech. Gemeinsam finden wir ein Haus mit passendem Programm.,
https://lauraluxuryjourneys.com/de/journeys/essaouira-horse-riding/,dist\de\journeys\essaouira-horse-riding\index.html,Reitausflug an der Küste von Essaouira | Laura Luxury Journeys,"Entdecken Sie die Küste von Essaouira zu Pferd, begleitet vom Stallteam und auf einer Route, die zu Ihrer Reiterfahrung passt.",
https://lauraluxuryjourneys.com/de/journeys/essaouira-surf-kitesurf/,dist\de\journeys\essaouira-surf-kitesurf\index.html,Surf- und Kitesurfkurse in Essaouira | Laura Luxury Journeys,"Tauschen Sie die Gassen der Medina gegen den Atlantic: beim Surfen oder Kitesurfen in Essaouira, passend zu Ihrem Können und den Bedingungen.",
https://lauraluxuryjourneys.com/de/journeys/taghazout-surf-kitesurf/,dist\de\journeys\taghazout-surf-kitesurf\index.html,Surfen in Taghazout und Kitesurfen auf Anfrage | Laura Luxury Journeys,"Entdecken Sie das Surfen in Taghazout, mit Zeit in den Wellen und am Meer. Kitesurfen ist auf Anfrage möglich, je nach Wind und Verfügbarkeit.",
https://lauraluxuryjourneys.com/de/journeys/,dist\de\journeys\index.html,Alles entdecken | Laura Luxury Journeys,"Folgen Sie der Küste, verbringen Sie eine Nacht in der Sahara oder lassen Sie die Stadt für einen Tag hinter sich. Finden Sie eine Reise, die Sie anspricht. Wir passen sie Ihren Wünschen an.",
https://lauraluxuryjourneys.com/de/travel-notes/time/,dist\de\travel-notes\time\index.html,Welches Marokko möchten Sie erleben? | Laura Luxury Journeys,"Ein Frühstück im stillen Innenhof. Meeresluft in Essaouira. Das letzte Licht auf den Dünen bei Merzouga. Überlegen Sie zuerst, welche Momente Sie erleben möchten, und geben Sie ihnen Raum im Reiseplan. Marokko lohnt sich auch dann, wenn man etwas länger verweilt.",
https://lauraluxuryjourneys.com/de/travel-notes/stays/,dist\de\travel-notes\stays\index.html,"Eine Unterkunft, die zur Reise gehört | Laura Luxury Journeys","Im Riad liegt der Reiz vielleicht im Frühstück am Innenhof und dem Leben der Medina gleich vor der Tür. Ein Hotel oder eine Lodge außerhalb des Zentrums kann besser passen, wenn Ihnen eine leichte Zufahrt oder mehr Platz wichtig sind. Wählen Sie auch danach, wie Sie Ihren Tag verbringen möchten, nicht allein nach Bildern.",
https://lauraluxuryjourneys.com/de/travel-notes/seasons/,dist\de\travel-notes\seasons\index.html,Marokko zur passenden Jahreszeit | Laura Luxury Journeys,"Wenn Sie Städte, Berglandschaften und die Sahara verbinden möchten, sind Frühling oder Herbst oft ein guter Ausgangspunkt. In der Wüste ist es gewöhnlich angenehmer als im Hochsommer. Packen Sie Kleidung in mehreren Schichten ein: Auf einen sonnigen Nachmittag kann ein kühler Abend folgen.",
https://lauraluxuryjourneys.com/it/journeys/sahara-marrakech-3-days/,dist\it\journeys\sahara-marrakech-3-days\index.html,Tour privato nel Sahara di 3 giorni da Marrakech | Laura Luxury Journeys,"Tre giorni da Marrakech tra passi dell’Atlante, kasbah in terra e dune di Erg Chebbi, con una notte nel Sahara.",
https://lauraluxuryjourneys.com/it/journeys/imperial-cities-sahara-9-days/,dist\it\journeys\imperial-cities-sahara-9-days\index.html,Marocco in 9 giorni: città imperiali e Sahara | Laura Luxury Journeys,"Da Casablanca a Marrakech in nove giorni, tra città imperiali, cortili di Fes e dune di Erg Chebbi.",
https://lauraluxuryjourneys.com/it/journeys/slow-sahara-5-days/,dist\it\journeys\slow-sahara-5-days\index.html,Tour privato nel Sahara di 5 giorni da Marrakech | Laura Luxury Journeys,"Cinque giorni da Marrakech per il Sahara e le valli del sud, con due notti vicino a Merzouga e un’intera giornata tra le dune.",
https://lauraluxuryjourneys.com/it/journeys/marrakech-fes-sahara-4-days/,dist\it\journeys\marrakech-fes-sahara-4-days\index.html,Da Marrakech a Fes attraverso il Sahara in 4 giorni | Laura Luxury Journeys,"Da Marrakech a Fes in quattro giorni tra kasbah, gole e Sahara, con due notti vicino a Merzouga per godersi le dune.",
https://lauraluxuryjourneys.com/it/journeys/southern-morocco-7-days/,dist\it\journeys\southern-morocco-7-days\index.html,Morocco meridionale e Sahara: tour di 7 giorni | Laura Luxury Journeys,"Una settimana da Marrakech tra kasbah, palmeti e valli del sud, con due notti vicino alle dune del Sahara.",
https://lauraluxuryjourneys.com/it/journeys/coast-desert-8-days/,dist\it\journeys\coast-desert-8-days\index.html,Sahara ed Essaouira: 8 giorni da Marrakech | Laura Luxury Journeys,"Dal Sahara all’Atlantic in otto giorni da Marrakech, con una notte nel deserto e due notti sul mare a Essaouira.",
https://lauraluxuryjourneys.com/it/journeys/north-sahara-10-days/,dist\it\journeys\north-sahara-10-days\index.html,Da Tangier a Marrakech attraverso il Sahara in 10 giorni | Laura Luxury Journeys,"Da Tangier a Marrakech in dieci giorni, passando per Chefchaouen, Fes e il Sahara, con tempo nelle medine e una giornata tra le dune.",
https://lauraluxuryjourneys.com/it/journeys/grand-morocco-14-days/,dist\it\journeys\grand-morocco-14-days\index.html,"Morocco in 14 giorni: città, Sahara ed Essaouira | Laura Luxury Journeys","Due settimane tra i vicoli blu del Rif, Fes, le dune del Sahara ed Essaouira, con soste più lunghe per conoscere ogni luogo.",
https://lauraluxuryjourneys.com/it/journeys/ouzoud-waterfalls/,dist\it\journeys\ouzoud-waterfalls\index.html,Ouzoud Waterfalls: escursione da Marrakech | Laura Luxury Journeys,"Sentieri tra gli ulivi, cascate e un pranzo vicino all’acqua. Una giornata a Ouzoud da Marrakech, con trasporto riservato a lei e ai suoi compagni di viaggio.",
https://lauraluxuryjourneys.com/it/journeys/ourika-valley/,dist\it\journeys\ourika-valley\index.html,Ourika Valley: escursione da Marrakech | Laura Luxury Journeys,"Noci, villaggi di montagna e un pranzo sul fiume. Scopra la Ourika Valley, con una passeggiata alla cascata o una pausa tranquilla vicino all’acqua.",
https://lauraluxuryjourneys.com/it/journeys/essaouira-day/,dist\it\journeys\essaouira-day\index.html,Essaouira: escursione di un giorno da Marrakech | Laura Luxury Journeys,"Barche blu, bastioni sul mare e una medina da esplorare a piedi. Si goda Essaouira, con tempo per pranzare e passeggiare sulla costa.",
https://lauraluxuryjourneys.com/it/journeys/ait-ben-haddou-day/,dist\it\journeys\ait-ben-haddou-day\index.html,Aït Ben Haddou e Ouarzazate: escursione da Marrakech | Laura Luxury Journeys,"Attraversi l’High Atlas fino alle torri in terra di Aït Ben Haddou e alle kasbah di Ouarzazate, tra panorami di montagna e scenari del cinema.",
https://lauraluxuryjourneys.com/it/journeys/agafay-evening/,dist\it\journeys\agafay-evening\index.html,"Agafay: tramonto, cena e spettacolo | Laura Luxury Journeys","Ammiri il tramonto sulle colline di Agafay, poi si goda una cena marocchina con musica tradizionale, a poca distanza da Marrakech.",
https://lauraluxuryjourneys.com/it/journeys/imlil-atlas-day/,dist\it\journeys\imlil-atlas-day\index.html,"Imlil, Atlas e Agafay: escursione di un giorno | Laura Luxury Journeys","Da Agafay a Imlil passando per Lalla Takerkoust e l’Kik Plateau: deserto roccioso, lago e villaggi dell’Atlante, con dromedario e pranzo.",
https://lauraluxuryjourneys.com/it/journeys/marrakech-balloon/,dist\it\journeys\marrakech-balloon\index.html,Volo in mongolfiera vicino a Marrakech | Laura Luxury Journeys,"Parta prima dell’alba per un volo in mongolfiera sulla campagna di Marrakech, con l’Atlas all’orizzonte.",
https://lauraluxuryjourneys.com/it/journeys/agafay-quad/,dist\it\journeys\agafay-quad\index.html,Escursione in quad ad Agafay da Marrakech | Laura Luxury Journeys,"Scopra le piste e le colline di Agafay in quad. Dopo aver preso confidenza con i comandi, segua il percorso con soste per ammirare il paesaggio.",
https://lauraluxuryjourneys.com/it/journeys/merzouga-camel/,dist\it\journeys\merzouga-camel\index.html,Passeggiata in dromedario tra le dune di Merzouga | Laura Luxury Journeys,"Scopra le dune di Erg Chebbi in dromedario da Merzouga, all’alba o al tramonto, con soste per ammirare il paesaggio.",
https://lauraluxuryjourneys.com/it/journeys/merzouga-sandboarding/,dist\it\journeys\merzouga-sandboarding\index.html,"Sandboarding a Erg Chebbi, Merzouga | Laura Luxury Journeys","Provi il sandboarding sulle dune vicino a Merzouga, con tempo per esercitarsi e ammirare il paesaggio tra una discesa e l’altra.",
https://lauraluxuryjourneys.com/it/journeys/agafay-buggy/,dist\it\journeys\agafay-buggy\index.html,Escursione in buggy ad Agafay da Marrakech | Laura Luxury Journeys,"Percorra le piste rocciose di Agafay in buggy, con il tempo di familiarizzare con i comandi prima di partire e godersi i panorami.",
https://lauraluxuryjourneys.com/it/journeys/atlas-paragliding/,dist\it\journeys\atlas-paragliding\index.html,Parapendio in tandem vicino a Marrakech | Laura Luxury Journeys,"Scopra le pendici dell’Atlante dall’alto con un volo in tandem vicino a Marrakech, accompagnato da un pilota e secondo le condizioni del giorno.",
https://lauraluxuryjourneys.com/it/journeys/marrakech-hammam/,dist\it\journeys\marrakech-hammam\index.html,Hammam tradizionale e spa a Marrakech | Laura Luxury Journeys,Si conceda una pausa a Marrakech. Scelga un hammam tradizionale o una spa e dedichi tempo a questo rituale marocchino.,
https://lauraluxuryjourneys.com/it/journeys/marrakech-cooking/,dist\it\journeys\marrakech-cooking\index.html,Corso di cucina marocchina a Marrakech | Laura Luxury Journeys,Impari a preparare piatti marocchini e condivida il pasto cucinato insieme. Per alcune lezioni è possibile aggiungere una visita al mercato.,
https://lauraluxuryjourneys.com/it/journeys/marrakech-dinner-show/,dist\it\journeys\marrakech-dinner-show\index.html,Cena marocchina e spettacolo a Marrakech | Laura Luxury Journeys,"Abbini cucina marocchina e spettacolo durante una serata a Marrakech, in un locale scelto in base all’atmosfera che desidera.",
https://lauraluxuryjourneys.com/it/journeys/essaouira-horse-riding/,dist\it\journeys\essaouira-horse-riding\index.html,Passeggiata a cavallo sulla costa di Essaouira | Laura Luxury Journeys,"Lasci la medina per una passeggiata a cavallo sulla costa di Essaouira, con il team della scuderia e un percorso adatto alla sua esperienza.",
https://lauraluxuryjourneys.com/it/journeys/essaouira-surf-kitesurf/,dist\it\journeys\essaouira-surf-kitesurf\index.html,Lezioni di surf e kitesurf a Essaouira | Laura Luxury Journeys,"Dai vicoli della medina all’oceano: scelga una sessione di surf o kitesurf a Essaouira, adatta al suo livello e alle condizioni dell’Atlantic.",
https://lauraluxuryjourneys.com/it/journeys/taghazout-surf-kitesurf/,dist\it\journeys\taghazout-surf-kitesurf\index.html,Surf a Taghazout e kitesurf su richiesta | Laura Luxury Journeys,"Scopra il surf a Taghazout, tra onde e momenti sul mare. Il kitesurf si organizza su richiesta, secondo il vento e la disponibilità.",
https://lauraluxuryjourneys.com/it/journeys/,dist\it\journeys\index.html,Scopri tutto | Laura Luxury Journeys,"Segui la costa, trascorri una notte nel Sahara o lascia la città per un giorno. Scegli il viaggio che ti ispira e ti aiuteremo a renderlo tuo.",
https://lauraluxuryjourneys.com/it/travel-notes/time/,dist\it\travel-notes\time\index.html,Quale Marocco vorresti conoscere? | Laura Luxury Journeys,Una colazione in un cortile tranquillo. L’aria di mare a Essaouira. L’ultima luce sulle dune di Merzouga. Pensa ai momenti che vorresti vivere e dai loro spazio nell’itinerario. Il Marocco si lascia apprezzare anche quando ci si ferma un po’ di più.,
https://lauraluxuryjourneys.com/it/travel-notes/stays/,dist\it\travel-notes\stays\index.html,Un soggiorno che fa parte del viaggio | Laura Luxury Journeys,"In un riad, il piacere può essere una colazione accanto al cortile e la vita della medina subito fuori dalla porta. Un hotel o un lodge fuori dal centro può essere più adatto se cerchi accesso facile o più spazio. Scegli anche pensando a come ami trascorrere la giornata, oltre alle fotografie.",
https://lauraluxuryjourneys.com/it/travel-notes/seasons/,dist\it\travel-notes\seasons\index.html,Trova la tua stagione in Marocco | Laura Luxury Journeys,"Per unire città, paesaggi di montagna e Sahara, primavera e autunno sono spesso un buon punto di partenza. Il deserto è generalmente più piacevole che in piena estate. Porta abiti a strati: a un pomeriggio di sole può seguire una sera fresca.",
https://lauraluxuryjourneys.com/pt/journeys/sahara-marrakech-3-days/,dist\pt\journeys\sahara-marrakech-3-days\index.html,Circuito privado no Sahara de 3 dias desde Marrakech | Laura Luxury Journeys,"Três dias desde Marrakech, entre passos do Atlas, kasbahs de terra e dunas do Erg Chebbi, com uma noite no Sahara.",
https://lauraluxuryjourneys.com/pt/journeys/imperial-cities-sahara-9-days/,dist\pt\journeys\imperial-cities-sahara-9-days\index.html,Marrocos em 9 dias: cidades imperiais e Sahara | Laura Luxury Journeys,"De Casablanca a Marrakech em nove dias, pelas cidades imperiais, pelos pátios de Fes e pelas dunas do Erg Chebbi.",
https://lauraluxuryjourneys.com/pt/journeys/slow-sahara-5-days/,dist\pt\journeys\slow-sahara-5-days\index.html,Circuito privado no Sahara de 5 dias desde Marrakech | Laura Luxury Journeys,"Cinco dias desde Marrakech para conhecer o Sahara e os vales do sul, com duas noites perto de Merzouga e um dia inteiro junto às dunas.",
https://lauraluxuryjourneys.com/pt/journeys/marrakech-fes-sahara-4-days/,dist\pt\journeys\marrakech-fes-sahara-4-days\index.html,De Marrakech a Fes pelo Sahara em 4 dias | Laura Luxury Journeys,"Ligue Marrakech a Fez em quatro dias, por kasbahs, gargantas e pelo Sahara, com duas noites perto de Merzouga para apreciar as dunas.",
https://lauraluxuryjourneys.com/pt/journeys/southern-morocco-7-days/,dist\pt\journeys\southern-morocco-7-days\index.html,Sul de Morocco e Saara: circuito de 7 dias | Laura Luxury Journeys,"Uma semana desde Marrakech entre kasbahs, palmeirais e vales do sul, com duas noites perto das dunas do Sahara.",
https://lauraluxuryjourneys.com/pt/journeys/coast-desert-8-days/,dist\pt\journeys\coast-desert-8-days\index.html,Sahara e Essaouira: 8 dias desde Marrakech | Laura Luxury Journeys,"Do Saara ao Atlantic em oito dias desde Marrakech, com uma noite no deserto e duas noites à beira-mar em Essaouira.",
https://lauraluxuryjourneys.com/pt/journeys/north-sahara-10-days/,dist\pt\journeys\north-sahara-10-days\index.html,De Tangier a Marrakech pelo Sahara em 10 dias | Laura Luxury Journeys,"De Tangier a Marrakech em dez dias, por Chefchaouen, Fes e pelo Sahara, com tempo nas medinas e um dia junto às dunas.",
https://lauraluxuryjourneys.com/pt/journeys/grand-morocco-14-days/,dist\pt\journeys\grand-morocco-14-days\index.html,"Morocco em 14 dias: cidades, Saara e Essaouira | Laura Luxury Journeys","Duas semanas entre as ruas azuis do Rif, Fes, as dunas do Sahara e Essaouira, com estadias mais longas em várias etapas.",
https://lauraluxuryjourneys.com/pt/journeys/ouzoud-waterfalls/,dist\pt\journeys\ouzoud-waterfalls\index.html,Ouzoud Waterfalls: excursão desde Marrakech | Laura Luxury Journeys,"Caminhos entre oliveiras, vistas das cascatas e almoço junto à água. Um dia em Ouzoud desde Marrakech, com transporte para si e para quem o acompanha.",
https://lauraluxuryjourneys.com/pt/journeys/ourika-valley/,dist\pt\journeys\ourika-valley\index.html,Ourika Valley: excursão desde Marrakech | Laura Luxury Journeys,"Nogueiras, aldeias de montanha e almoço junto ao rio. Conheça o Ourika Valley, com uma caminhada à cascata ou uma tarde tranquila à beira de água.",
https://lauraluxuryjourneys.com/pt/journeys/essaouira-day/,dist\pt\journeys\essaouira-day\index.html,Essaouira: excursão de um dia desde Marrakech | Laura Luxury Journeys,"Barcos azuis, muralhas frente ao mar e uma medina para descobrir a pé. Aprecie Essaouira, com tempo para almoçar e passear pela costa.",
https://lauraluxuryjourneys.com/pt/journeys/ait-ben-haddou-day/,dist\pt\journeys\ait-ben-haddou-day\index.html,Aït Ben Haddou e Ouarzazate: excursão desde Marrakech | Laura Luxury Journeys,"Atravesse o High Atlas até às torres de terra de Aït Ben Haddou e às kasbahs de Ouarzazate, entre paisagens de montanha e cenários de cinema.",
https://lauraluxuryjourneys.com/pt/journeys/agafay-evening/,dist\pt\journeys\agafay-evening\index.html,"Agafay: pôr do sol, jantar e espetáculo | Laura Luxury Journeys","Aprecie o pôr do sol nas colinas de Agafay e um jantar marroquino com música tradicional, a pouca distância de Marrakech.",
https://lauraluxuryjourneys.com/pt/journeys/imlil-atlas-day/,dist\pt\journeys\imlil-atlas-day\index.html,"Imlil, Atlas e Agafay: excursão de um dia | Laura Luxury Journeys","De Agafay a Imlil por Lalla Takerkoust e pelo Kik Plateau: deserto rochoso, lago e aldeias do Atlas, com passeio de dromedário e almoço.",
https://lauraluxuryjourneys.com/pt/journeys/marrakech-balloon/,dist\pt\journeys\marrakech-balloon\index.html,Voo de balão perto de Marrakech | Laura Luxury Journeys,"Parta antes do amanhecer para um voo de balão sobre os campos de Marrakech, com o Atlas no horizonte.",
https://lauraluxuryjourneys.com/pt/journeys/agafay-quad/,dist\pt\journeys\agafay-quad\index.html,Passeio de moto-quatro em Agafay desde Marrakech | Laura Luxury Journeys,"Descubra as pistas e colinas de Agafay de moto-quatro. Após a preparação, siga o percurso combinado com pausas para apreciar a paisagem.",
https://lauraluxuryjourneys.com/pt/journeys/merzouga-camel/,dist\pt\journeys\merzouga-camel\index.html,Passeio de dromedário nas dunas de Merzouga | Laura Luxury Journeys,"Descubra as dunas do Erg Chebbi de dromedário desde Merzouga, ao nascer ou ao pôr do sol, com pausas para apreciar a paisagem.",
https://lauraluxuryjourneys.com/pt/journeys/merzouga-sandboarding/,dist\pt\journeys\merzouga-sandboarding\index.html,"Sandboard no Erg Chebbi, Merzouga | Laura Luxury Journeys","Experimente sandboard nas dunas perto de Merzouga, com tempo para praticar e apreciar a paisagem entre descidas.",
https://lauraluxuryjourneys.com/pt/journeys/agafay-buggy/,dist\pt\journeys\agafay-buggy\index.html,Passeio de buggy em Agafay desde Marrakech | Laura Luxury Journeys,"Percorra as pistas rochosas de Agafay de buggy, com tempo para conhecer os comandos antes de partir e apreciar as vistas.",
https://lauraluxuryjourneys.com/pt/journeys/atlas-paragliding/,dist\pt\journeys\atlas-paragliding\index.html,Parapente em tandem perto de Marrakech | Laura Luxury Journeys,"Veja os contrafortes do Atlas a partir do ar, num voo em tandem com piloto perto de Marrakech, conforme as condições do dia.",
https://lauraluxuryjourneys.com/pt/journeys/marrakech-hammam/,dist\pt\journeys\marrakech-hammam\index.html,Hammam tradicional e spa em Marrakech | Laura Luxury Journeys,Faça uma pausa durante a sua estadia em Marrakech. Escolha um hammam tradicional ou um spa e reserve tempo para este ritual marroquino.,
https://lauraluxuryjourneys.com/pt/journeys/marrakech-cooking/,dist\pt\journeys\marrakech-cooking\index.html,Aula de cozinha marroquina em Marrakech | Laura Luxury Journeys,Aprenda a preparar pratos marroquinos e partilhe a refeição que cozinhou. Algumas sessões permitem incluir uma visita ao mercado.,
https://lauraluxuryjourneys.com/pt/journeys/marrakech-dinner-show/,dist\pt\journeys\marrakech-dinner-show\index.html,Jantar marroquino e espetáculo em Marrakech | Laura Luxury Journeys,"Combine cozinha marroquina e espetáculo numa noite em Marrakech, num espaço escolhido de acordo com o ambiente que procura.",
https://lauraluxuryjourneys.com/pt/journeys/essaouira-horse-riding/,dist\pt\journeys\essaouira-horse-riding\index.html,Passeio a cavalo na costa de Essaouira | Laura Luxury Journeys,"Deixe a medina para um passeio a cavalo na costa de Essaouira, com a equipa do centro equestre e um percurso adequado à sua experiência.",
https://lauraluxuryjourneys.com/pt/journeys/essaouira-surf-kitesurf/,dist\pt\journeys\essaouira-surf-kitesurf\index.html,Aulas de surf e kitesurf em Essaouira | Laura Luxury Journeys,"Troque as ruas da medina pelo oceano numa sessão de surf ou kitesurf em Essaouira, adaptada ao seu nível e às condições do Atlantic.",
https://lauraluxuryjourneys.com/pt/journeys/taghazout-surf-kitesurf/,dist\pt\journeys\taghazout-surf-kitesurf\index.html,Surf em Taghazout e kitesurf a pedido | Laura Luxury Journeys,"Descubra o surf em Taghazout, entre ondas e momentos à beira-mar. O kitesurf é organizado a pedido, conforme o vento e a disponibilidade.",
https://lauraluxuryjourneys.com/pt/journeys/,dist\pt\journeys\index.html,Ver tudo | Laura Luxury Journeys,"Percorra a costa, passe uma noite no Saara ou saia da cidade por um dia. Encontre uma viagem que o inspire e ajudaremos a adaptá-la aos seus desejos.",
https://lauraluxuryjourneys.com/pt/travel-notes/time/,dist\pt\travel-notes\time\index.html,Que Marrocos gostaria de conhecer? | Laura Luxury Journeys,Um pequeno-almoço num pátio tranquilo. O ar do mar em Essaouira. A última luz nas dunas de Merzouga. Pense nos momentos que gostaria de viver e dê-lhes espaço no itinerário. Marrocos também se aprecia quando há tempo para ficar mais um pouco.,
https://lauraluxuryjourneys.com/pt/travel-notes/stays/,dist\pt\travel-notes\stays\index.html,Uma estadia que faz parte da viagem | Laura Luxury Journeys,"Num riad, o encanto pode estar no pequeno-almoço junto ao pátio e na vida da medina logo à porta. Um hotel ou lodge fora do centro pode ser mais indicado se valoriza acesso fácil ou mais espaço. Escolha também de acordo com a forma como gosta de passar o dia, para além das fotografias.",
https://lauraluxuryjourneys.com/pt/travel-notes/seasons/,dist\pt\travel-notes\seasons\index.html,Encontre a sua estação em Marrocos | Laura Luxury Journeys,"Para combinar cidades, paisagens de montanha e o Sahara, a primavera ou o outono são frequentemente um bom ponto de partida. O deserto é geralmente mais agradável do que em pleno verão. Leve várias camadas de roupa: uma tarde de sol pode dar lugar a uma noite fresca.",
https://lauraluxuryjourneys.com/nl/journeys/sahara-marrakech-3-days/,dist\nl\journeys\sahara-marrakech-3-days\index.html,Privéreis naar de Sahara vanuit Marrakech in 3 dagen | Laura Luxury Journeys,"In drie dagen van Marrakech naar de Sahara, langs bergpassen en lemen kasbahs, met een overnachting bij de duinen van Erg Chebbi.",
https://lauraluxuryjourneys.com/nl/journeys/imperial-cities-sahara-9-days/,dist\nl\journeys\imperial-cities-sahara-9-days\index.html,Marokko in 9 dagen: koningssteden en Sahara | Laura Luxury Journeys,"Van Casablanca naar Marrakech in negen dagen, langs koningssteden, de binnenplaatsen van Fes en de duinen van Erg Chebbi.",
https://lauraluxuryjourneys.com/nl/journeys/slow-sahara-5-days/,dist\nl\journeys\slow-sahara-5-days\index.html,Privéreis naar de Sahara vanuit Marrakech in 5 dagen | Laura Luxury Journeys,"Vijf dagen vanuit Marrakech door de zuidelijke valleien naar de Sahara, met twee nachten bij Merzouga en een volle dag rond de duinen.",
https://lauraluxuryjourneys.com/nl/journeys/marrakech-fes-sahara-4-days/,dist\nl\journeys\marrakech-fes-sahara-4-days\index.html,Van Marrakech via de Sahara naar Fes in 4 dagen | Laura Luxury Journeys,"Reis in vier dagen van Marrakech naar Fes, langs kasbahs, kloven en de Sahara. Twee nachten bij Merzouga geven u tijd voor de duinen.",
https://lauraluxuryjourneys.com/nl/journeys/southern-morocco-7-days/,dist\nl\journeys\southern-morocco-7-days\index.html,Zuid-Morocco en Sahara: rondreis van 7 dagen | Laura Luxury Journeys,"Een week vanuit Marrakech langs kasbahs, palmoases en zuidelijke valleien, met twee nachten bij de duinen van de Sahara.",
https://lauraluxuryjourneys.com/nl/journeys/coast-desert-8-days/,dist\nl\journeys\coast-desert-8-days\index.html,Sahara en Essaouira: 8 dagen vanuit Marrakech | Laura Luxury Journeys,"Vanuit Marrakech in acht dagen van de Sahara naar de Atlantische kust, met een woestijnnacht en twee nachten in Essaouira.",
https://lauraluxuryjourneys.com/nl/journeys/north-sahara-10-days/,dist\nl\journeys\north-sahara-10-days\index.html,Van Tangier via de Sahara naar Marrakech in 10 dagen | Laura Luxury Journeys,"In tien dagen van Tangier via Chefchaouen, Fes en de Sahara naar Marrakech, met tijd in de medina’s en een dag rond de duinen.",
https://lauraluxuryjourneys.com/nl/journeys/grand-morocco-14-days/,dist\nl\journeys\grand-morocco-14-days\index.html,"Morocco in 14 dagen: steden, Sahara en Essaouira | Laura Luxury Journeys","Twee weken langs de blauwe straatjes van de Rif, Fes, de Sahara en Essaouira, met langere verblijven om de plekken beter te leren kennen.",
https://lauraluxuryjourneys.com/nl/journeys/ouzoud-waterfalls/,dist\nl\journeys\ouzoud-waterfalls\index.html,Dagtocht naar de Ouzoud Waterfalls vanuit Marrakech | Laura Luxury Journeys,"Wandel tussen olijfbomen en lunch met uitzicht op de watervallen. Een dag in Ouzoud vanuit Marrakech, met vervoer voor uw eigen gezelschap.",
https://lauraluxuryjourneys.com/nl/journeys/ourika-valley/,dist\nl\journeys\ourika-valley\index.html,Dagtocht naar de Ourika Valley vanuit Marrakech | Laura Luxury Journeys,"Walnotenbomen, bergdorpen en lunch aan de rivier. Ontdek de Ourika Valley met een wandeling naar de waterval of een rustige middag aan het water.",
https://lauraluxuryjourneys.com/nl/journeys/essaouira-day/,dist\nl\journeys\essaouira-day\index.html,Dagtocht naar Essaouira vanuit Marrakech | Laura Luxury Journeys,"Blauwe vissersboten, zeemuren en een medina om doorheen te dwalen. Geniet van Essaouira met tijd voor lunch en een wandeling langs zee.",
https://lauraluxuryjourneys.com/nl/journeys/ait-ben-haddou-day/,dist\nl\journeys\ait-ben-haddou-day\index.html,Dagtocht naar Aït Ben Haddou en Ouarzazate vanuit Marrakech | Laura Luxury Journeys,"Steek de High Atlas over naar de lemen torens van Aït Ben Haddou en de kasbahs van Ouarzazate, langs berglandschappen en filmdecors.",
https://lauraluxuryjourneys.com/nl/journeys/agafay-evening/,dist\nl\journeys\agafay-evening\index.html,"Agafay: zonsondergang, diner en show | Laura Luxury Journeys","Bekijk de zonsondergang boven de heuvels van Agafay en geniet van een Marokkaans diner met traditionele muziek, vlak bij Marrakech.",
https://lauraluxuryjourneys.com/nl/journeys/imlil-atlas-day/,dist\nl\journeys\imlil-atlas-day\index.html,"Dagtocht naar Imlil, de Atlas en Agafay | Laura Luxury Journeys","Van Agafay via Lalla Takerkoust en het Kik Plateau naar Imlil: rotswoestijn, meer en bergdorpen, met een dromedaristocht en lunch.",
https://lauraluxuryjourneys.com/nl/journeys/marrakech-balloon/,dist\nl\journeys\marrakech-balloon\index.html,Ballonvaart bij Marrakech | Laura Luxury Journeys,"Vertrek voor zonsopgang voor een ballonvaart boven het landschap rond Marrakech, met de Atlas aan de horizon.",
https://lauraluxuryjourneys.com/nl/journeys/agafay-quad/,dist\nl\journeys\agafay-quad\index.html,Quadrijden in Agafay vanuit Marrakech | Laura Luxury Journeys,"Ontdek de paden en heuvels van Agafay op een quad. Na uitleg en oefening volgt u de afgesproken route, met stops voor het uitzicht.",
https://lauraluxuryjourneys.com/nl/journeys/merzouga-camel/,dist\nl\journeys\merzouga-camel\index.html,Dromedaristocht door de duinen bij Merzouga | Laura Luxury Journeys,"Verken de duinen van Erg Chebbi op een dromedaris vanuit Merzouga, bij zonsopgang of zonsondergang en met tijd om rond te kijken.",
https://lauraluxuryjourneys.com/nl/journeys/merzouga-sandboarding/,dist\nl\journeys\merzouga-sandboarding\index.html,"Sandboarden bij Erg Chebbi, Merzouga | Laura Luxury Journeys","Probeer sandboarden op de duinen bij Merzouga, met tijd om te oefenen en tussen de afdalingen van het landschap te genieten.",
https://lauraluxuryjourneys.com/nl/journeys/agafay-buggy/,dist\nl\journeys\agafay-buggy\index.html,Buggytocht in Agafay vanuit Marrakech | Laura Luxury Journeys,"Verken de rotsachtige paden van Agafay in een buggy, met tijd om vooraf aan de bediening te wennen en onderweg van het uitzicht te genieten.",
https://lauraluxuryjourneys.com/nl/journeys/atlas-paragliding/,dist\nl\journeys\atlas-paragliding\index.html,Tandemparagliden bij Marrakech | Laura Luxury Journeys,"Bekijk de uitlopers van de Atlas vanuit de lucht tijdens een tandemvlucht met piloot bij Marrakech, afgestemd op het weer.",
https://lauraluxuryjourneys.com/nl/journeys/marrakech-hammam/,dist\nl\journeys\marrakech-hammam\index.html,Traditionele hammam en spa in Marrakech | Laura Luxury Journeys,Neem even rust tijdens uw verblijf in Marrakech. Kies een traditionele hammam of spa en maak tijd voor dit Marokkaanse badritueel.,
https://lauraluxuryjourneys.com/nl/journeys/marrakech-cooking/,dist\nl\journeys\marrakech-cooking\index.html,Marokkaanse kookles in Marrakech | Laura Luxury Journeys,Leer Marokkaanse gerechten bereiden en geniet daarna van uw eigen maaltijd. Bij bepaalde lessen is ook een marktbezoek mogelijk.,
https://lauraluxuryjourneys.com/nl/journeys/marrakech-dinner-show/,dist\nl\journeys\marrakech-dinner-show\index.html,Marokkaans diner en show in Marrakech | Laura Luxury Journeys,"Combineer Marokkaans eten met een voorstelling tijdens een avond in Marrakech, op een plek die past bij de sfeer die u zoekt.",
https://lauraluxuryjourneys.com/nl/journeys/essaouira-horse-riding/,dist\nl\journeys\essaouira-horse-riding\index.html,Paardrijden langs de kust van Essaouira | Laura Luxury Journeys,"Verlaat de medina voor een rit te paard langs de kust van Essaouira, met het stalteam en een route die past bij uw ervaring.",
https://lauraluxuryjourneys.com/nl/journeys/essaouira-surf-kitesurf/,dist\nl\journeys\essaouira-surf-kitesurf\index.html,Surf- en kitesurflessen in Essaouira | Laura Luxury Journeys,"Verruil de straatjes van de medina voor de oceaan tijdens een surf- of kitesurfsessie in Essaouira, afgestemd op uw niveau en de omstandigheden.",
https://lauraluxuryjourneys.com/nl/journeys/taghazout-surf-kitesurf/,dist\nl\journeys\taghazout-surf-kitesurf\index.html,Surfen in Taghazout en kitesurfen op aanvraag | Laura Luxury Journeys,"Ontdek het surfen in Taghazout, met tijd in de golven en aan zee. Kitesurfen kan op aanvraag, afhankelijk van wind en beschikbaarheid.",
https://lauraluxuryjourneys.com/nl/journeys/,dist\nl\journeys\index.html,Alles ontdekken | Laura Luxury Journeys,"Volg de kust, breng een nacht door in de Sahara of verlaat de stad voor een dag. Kies een reis die u aanspreekt. Wij helpen u die op uw wensen af te stemmen.",
https://lauraluxuryjourneys.com/nl/travel-notes/time/,dist\nl\travel-notes\time\index.html,Welk Marokko wilt u beleven? | Laura Luxury Journeys,Ontbijten op een rustige binnenplaats. Zeelucht in Essaouira. Het laatste licht op de duinen bij Merzouga. Denk eerst aan de momenten die u wilt meemaken en geef ze ruimte in uw reisplan. Marokko is ook mooi als u ergens wat langer blijft.,
https://lauraluxuryjourneys.com/nl/travel-notes/stays/,dist\nl\travel-notes\stays\index.html,Een verblijf dat bij de reis hoort | Laura Luxury Journeys,"In een riad zit het plezier misschien in ontbijten bij de binnenplaats en het leven van de medina vlak buiten de deur. Een hotel of lodge buiten het centrum kan beter passen als u makkelijke toegang of meer ruimte zoekt. Kies ook op basis van hoe u graag uw dag doorbrengt, naast de foto’s.",
https://lauraluxuryjourneys.com/nl/travel-notes/seasons/,dist\nl\travel-notes\seasons\index.html,Vind uw seizoen in Marokko | Laura Luxury Journeys,"Wilt u steden, berglandschappen en de Sahara combineren, dan zijn lente en herfst vaak een goed uitgangspunt. De woestijn is doorgaans aangenamer dan in hartje zomer. Neem kleding in laagjes mee: een zonnige middag kan overgaan in een koele avond.",
